Year,Country,Location,Name,Type,VEI,Coordinates
2019,Papua New Guinea,New Guinea-NE of,Manam,Stratovolcano,4.0,"-4.1, 145.061"
2019,Italy,Italy,Stromboli,Stratovolcano,2.0,"38.789, 15.213"
2019,New Zealand,New Zealand,White Island,Stratovolcano,2.0,"-37.52, 177.18"
2019,Italy,Italy,Stromboli,Stratovolcano,2.0,"38.789, 15.213"
2019,Papua New Guinea,New Guinea-NE of,Manam,Stratovolcano,4.0,"-4.1, 145.061"
2018,Italy,Italy,Etna,Stratovolcano,2.0,"37.734, 15.004"
2018,Papua New Guinea,New Guinea-NE of,Manam,Stratovolcano,4.0,"-4.1, 145.061"
2018,Vanuatu,Vanuatu-SW Pacific,Aoba,Shield volcano,3.0,"-15.4, 167.83"
2018,United States,Hawaiian Is,Kilauea,Shield volcano,1.0,"19.425, -155.292"
2018,Vanuatu,Vanuatu-SW Pacific,Ambrym,Pyroclastic shield,2.0,"-16.25, 168.12"
2018,Guatemala,Guatemala,Fuego,Stratovolcano,2.0,"14.473, -90.88"
2018,Indonesia,Indonesia,Krakatau,Caldera,1.0,"-6.102, 105.423"
2018,United States,Hawaiian Is,Kilauea,Shield volcano,1.0,"19.425, -155.292"
2017,Guatemala,Guatemala,Fuego,Stratovolcano,2.0,"14.473, -90.88"
2017,Indonesia,Sumatra,Sinabung,Stratovolcano,2.0,"3.17, 98.392"
2015,Papua New Guinea,New Guinea-NE of,Manam,Stratovolcano,2.0,"-4.1, 145.061"
2014,Japan,Honshu-Japan,On-take,Complex volcano,3.0,"35.9, 137.48"
2013,Indonesia,Lesser Sunda Is,Paluweh,Stratovolcano,3.0,"-8.32, 121.708"
2013,Indonesia,Sumatra,Sinabung,Stratovolcano,2.0,"3.17, 98.392"
2011,Chile,Chile-C,Puyehue,Stratovolcano,4.0,"-40.59, -72.117"
2011,Philippines,Luzon-Philippines,Bulusan,Stratovolcano,2.0,"12.77, 124.05"
2011,Indonesia,Halmahera-Indonesia,Gamalama,Stratovolcano,3.0,"0.8, 127.325"
2011,Eritrea,Africa-NE,Nabro,Stratovolcano,3.0,"13.37, 41.7"
2011,Ecuador,Ecuador,Tungurahua,Stratovolcano,4.0,"-1.467, -78.442"
2010,Ecuador,Ecuador,Tungurahua,Stratovolcano,3.0,"-1.467, -78.442"
2010,Guatemala,Guatemala,Pacaya,Complex volcano,1.0,"14.381, -90.601"
2010,Ecuador,Ecuador,Tungurahua,Stratovolcano,3.0,"-1.467, -78.442"
2010,Indonesia,Sangihe Is-Indonesia,Karangetang [Api Siau],Stratovolcano,3.0,"2.78, 125.48"
2010,Iceland,Iceland-S,Eyjafjallajokull,Stratovolcano,2.0,"63.63, -19.62"
2008,Ecuador,Ecuador,Tungurahua,Stratovolcano,3.0,"-1.467, -78.442"
2008,United States,Aleutian Is,Kasatochi,Stratovolcano,3.0,"52.18, -175.5"
2007,Papua New Guinea,New Guinea-NE of,Manam,Stratovolcano,4.0,"-4.1, 145.061"
2006,Philippines,Luzon-Philippines,Bulusan,Stratovolcano,2.0,"12.77, 124.05"
2006,Ecuador,Ecuador,Tungurahua,Stratovolcano,3.0,"-1.467, -78.442"
2006,Ecuador,Ecuador,Tungurahua,Stratovolcano,3.0,"-1.467, -78.442"
2006,Philippines,Luzon-Philippines,Mayon,Stratovolcano,1.0,"13.257, 123.685"
2006,Indonesia,Java,Merapi,Stratovolcano,1.0,"-7.542, 110.442"
2006,Montserrat,W Indies,Soufriere Hills,Stratovolcano,2.0,"16.72, -62.18"
2005,Papua New Guinea,New Guinea-NE of,Manam,Stratovolcano,4.0,"-4.1, 145.061"
2005,El Salvador,El Salvador,Santa Ana,Stratovolcano,3.0,"13.853, -89.63"
2004,Indonesia,Lesser Sunda Is,Egon,Stratovolcano,1.0,"-8.67, 122.45"
2004,Papua New Guinea,New Guinea-NE of,Manam,Stratovolcano,4.0,"-4.1, 145.061"
2004,Indonesia,Java,Tengger Caldera,Stratovolcano,2.0,"-7.942, 112.95"
2003,Montserrat,W Indies,Soufriere Hills,Stratovolcano,3.0,"16.72, -62.18"
2002,Indonesia,Java,Semeru,Stratovolcano,3.0,"-8.108, 112.92"
2002,Ecuador,Ecuador,Reventador,Stratovolcano,4.0,"-0.078, -77.656"
2002,Italy,Italy,Etna,Stratovolcano,3.0,"37.734, 15.004"
2002,Indonesia,Sangihe Is-Indonesia,Karangetang [Api Siau],Stratovolcano,3.0,"2.78, 125.48"
2001,Italy,Italy,Stromboli,Stratovolcano,2.0,"38.789, 15.213"
2001,Indonesia,Java,Merapi,Stratovolcano,2.0,"-7.542, 110.442"
2001,Italy,Italy,Etna,Stratovolcano,3.0,"37.734, 15.004"
2001,Italy,Italy,Etna,Stratovolcano,2.0,"37.734, 15.004"
2000,Indonesia,Java,Merapi,Stratovolcano,2.0,"-7.542, 110.442"
2000,Indonesia,Java,Semeru,Stratovolcano,3.0,"-8.108, 112.92"
2000,Costa Rica,Costa Rica,Arenal,Stratovolcano,3.0,"10.463, -84.703"
2000,Japan,Izu Is-Japan,Miyake-jima,Stratovolcano,2.0,"34.08, 139.53"
1999,Guatemala,Guatemala,Fuego,Stratovolcano,2.0,"14.473, -90.88"
1999,Ecuador,Ecuador,Guagua Pichincha,Stratovolcano,3.0,"-0.171, -78.598"
1999,Montserrat,W Indies,Soufriere Hills,Stratovolcano,3.0,"16.72, -62.18"
1999,Ecuador,Ecuador,Tungurahua,Stratovolcano,3.0,"-1.467, -78.442"
1999,Russia,Kamchatka,Shiveluch,Stratovolcano,4.0,"56.653, 161.36"
1997,Indonesia,Java,Merapi,Stratovolcano,2.0,"-7.542, 110.442"
1997,Montserrat,W Indies,Soufriere Hills,Stratovolcano,3.0,"16.72, -62.18"
1997,Indonesia,Java,Semeru,Stratovolcano,3.0,"-8.108, 112.92"
1997,Indonesia,Sangihe Is-Indonesia,Karangetang [Api Siau],Stratovolcano,1.0,"2.78, 125.48"
1997,Montserrat,W Indies,Soufriere Hills,Stratovolcano,3.0,"16.72, -62.18"
1996,Papua New Guinea,New Guinea-NE of,Manam,Stratovolcano,3.0,"-4.1, 145.061"
1996,Russia,Kamchatka,Karymsky,Stratovolcano,2.0,"54.05, 159.43"
1996,Mexico,Mexico,Popocatepetl,Stratovolcano,3.0,"19.023, -98.622"
1996,Iceland,Iceland-NE,Grimsvotn,Caldera,3.0,"64.42, -17.33"
1996,Philippines,Philippines-C,Kanlaon,Stratovolcano,2.0,"10.412, 123.132"
1995,Vanuatu,Vanuatu-SW Pacific,Yasur,Stratovolcano,3.0,"-19.52, 169.425"
1995,Cape Verde,Cape Verde Is,Fogo,Stratovolcano,2.0,"14.95, -24.35"
1995,Japan,Honshu-Japan,Yake-dake,Stratovolcano,1.0,"36.22, 137.58"
1995,Guatemala,Guatemala,Pacaya,Complex volcano,3.0,"14.381, -90.601"
1994,Indonesia,Java,Semeru,Stratovolcano,3.0,"-8.108, 112.92"
1994,Vanuatu,Vanuatu-SW Pacific,Yasur,Stratovolcano,3.0,"-19.52, 169.425"
1994,Japan,Kyushu-Japan,Aso,Caldera,1.0,"32.88, 131.1"
1994,Indonesia,Lesser Sunda Is,Rinjani,Stratovolcano,3.0,"-8.42, 116.47"
1994,Papua New Guinea,New Britain-SW Pac,Rabaul,Pyroclastic shield,3.0,"-4.271, 152.203"
1994,Indonesia,Java,Merapi,Stratovolcano,3.0,"-7.542, 110.442"
1993,Indonesia,Indonesia,Krakatau,Caldera,1.0,"-6.102, 105.423"
1993,Ecuador,Ecuador,Guagua Pichincha,Stratovolcano,1.0,"-0.171, -78.598"
1993,Colombia,Colombia,Galeras,Complex volcano,2.0,"1.22, -77.37"
1993,Philippines,Luzon-Philippines,Pinatubo,Stratovolcano,1.0,"15.13, 120.35"
1993,Philippines,Luzon-Philippines,Mayon,Stratovolcano,2.0,"13.257, 123.685"
1993,Japan,Kyushu-Japan,Unzen,Complex volcano,1.0,"32.75, 130.3"
1992,Indonesia,Sangihe Is-Indonesia,Karangetang [Api Siau],Stratovolcano,1.0,"2.78, 125.48"
1992,United States,Alaska-SW,Spurr,Stratovolcano,4.0,"61.3, -152.25"
1992,Indonesia,Java,Semeru,Stratovolcano,3.0,"-8.108, 112.92"
1992,Indonesia,Sumatra,Marapi,Complex volcano,2.0,"-0.381, 100.473"
1992,Philippines,Luzon-Philippines,Pinatubo,Stratovolcano,1.0,"15.13, 120.35"
1992,Indonesia,Sangihe Is-Indonesia,Karangetang [Api Siau],Stratovolcano,2.0,"2.78, 125.48"
1991,Philippines,Luzon-Philippines,Pinatubo,Stratovolcano,6.0,"15.13, 120.35"
1991,Indonesia,Sulawesi-Indonesia,Lokon-Empung,Stratovolcano,1.0,"1.358, 124.792"
1991,Comoros,Indian O-W,Karthala,Shield volcano,2.0,"-11.75, 43.38"
1991,Italy,Italy,Etna,Stratovolcano,2.0,"37.734, 15.004"
1991,Japan,Kyushu-Japan,Unzen,Complex volcano,1.0,"32.75, 130.3"
1990,Guatemala,Guatemala,Santa Maria,Stratovolcano,3.0,"14.756, -91.552"
1990,Indonesia,Java,Kelut,Stratovolcano,4.0,"-7.93, 112.308"
1990,Japan,Kyushu-Japan,Aso,Caldera,2.0,"32.88, 131.1"
1990,Peru,Peru,Sabancaya,Stratovolcano,3.0,"-15.78, -71.85"
1990,Japan,Kyushu-Japan,Aso,Caldera,2.0,"32.88, 131.1"
1990,Japan,Kyushu-Japan,Aso,Caldera,2.0,"32.88, 131.1"
1990,Russia,Kamchatka,Shiveluch,Stratovolcano,3.0,"56.653, 161.36"
1988,Costa Rica,Costa Rica,Arenal,Stratovolcano,3.0,"10.463, -84.703"
1988,Indonesia,Java,Semeru,Stratovolcano,3.0,"-8.108, 112.92"
1988,Pacific Ocean,Banda Sea,Banda Api,Caldera,3.0,"-4.525, 129.871"
1988,Chile,Chile-C,Lonquimay,Stratovolcano,3.0,"-38.377, -71.58"
1987,Italy,Italy,Etna,Stratovolcano,2.0,"37.734, 15.004"
1987,Guatemala,Guatemala,Pacaya,Complex volcano,3.0,"14.381, -90.601"
1986,Italy,Italy,Stromboli,Stratovolcano,2.0,"38.789, 15.213"
1986,Cameroon,Africa-W,Oku Volc Field,Maar,3.0,"6.25, 10.5"
1986,Indonesia,Java,Merapi,Stratovolcano,2.0,"-7.542, 110.442"
1986,Japan,Izu Is-Japan,Oshima,Stratovolcano,3.0,"34.73, 139.38"
1985,Indonesia,Java,Semeru,Stratovolcano,3.0,"-8.108, 112.92"
1985,Colombia,Colombia,Ruiz,Stratovolcano,3.0,"4.895, -75.322"
1985,Italy,Italy,Etna,Stratovolcano,1.0,"37.734, 15.004"
1984,Italy,Italy,Etna,Stratovolcano,3.0,"37.734, 15.004"
1984,Philippines,Luzon-Philippines,Mayon,Stratovolcano,3.0,"13.257, 123.685"
1983,Indonesia,Lesser Sunda Is,Iliwerung,Complex volcano,1.0,"-8.54, 123.59"
1983,Indonesia,Sulawesi-Indonesia,Colo [Una Una],Stratovolcano,4.0,"-0.17, 121.608"
1983,Japan,Izu Is-Japan,Miyake-jima,Stratovolcano,3.0,"34.08, 139.53"
1983,Russia,Kamchatka,Kliuchevskoi,Stratovolcano,2.0,"56.057, 160.638"
1982,Indonesia,Java,Galunggung,Stratovolcano,4.0,"-7.25, 108.05"
1981,Indonesia,Java,Semeru,Stratovolcano,3.0,"-8.108, 112.92"
1981,Indonesia,Java,Semeru,Stratovolcano,3.0,"-8.108, 112.92"
1981,Indonesia,Lesser Sunda Is,Paluweh,Stratovolcano,2.0,"-8.32, 121.708"
1981,Russia,Kuril Is,Alaid,Stratovolcano,2.0,"50.858, 155.55"
1981,Italy,Italy,Etna,Stratovolcano,2.0,"37.734, 15.004"
1980,Iceland,Iceland-S,Hekla,Stratovolcano,3.0,"63.98, -19.7"
1980,United States,US-Washington,St. Helens,Stratovolcano,5.0,"46.2, -122.18"
1979,Japan,Kyushu-Japan,Aso,Caldera,2.0,"32.88, 131.1"
1979,Italy,Italy,Etna,Stratovolcano,2.0,"37.734, 15.004"
1979,Papua New Guinea,New Guinea-NE of,Karkar,Stratovolcano,2.0,"-4.649, 145.964"
1979,Indonesia,Java,Dieng Volc Complex,Complex volcano,1.0,"-7.2, 109.92"
1979,St. Vincent & the Grenadines,W Indies,Soufriere St. Vincent,Stratovolcano,3.0,"13.33, -61.18"
1978,Indonesia,Java,Semeru,Stratovolcano,3.0,"-8.108, 112.92"
1978,Japan,Hokkaido-Japan,Usu,Stratovolcano,3.0,"42.53, 140.83"
1978,Guatemala,Guatemala,Santa Maria,Stratovolcano,3.0,"14.756, -91.552"
1978,Philippines,Luzon-Philippines,Bulusan,Stratovolcano,2.0,"12.77, 124.05"
1977,Russia,Kamchatka,Kliuchevskoi,Stratovolcano,3.0,"56.057, 160.638"
1977,Iceland,Iceland-NE,Krafla,Caldera,1.0,"65.73, -16.78"
1977,Japan,Hokkaido-Japan,Usu,Stratovolcano,3.0,"42.53, 140.83"
1977,Comoros,Indian O-W,Karthala,Shield volcano,0.0,"-11.75, 43.38"
1976,Indonesia,Java,Semeru,Stratovolcano,2.0,"-8.108, 112.92"
1976,Indonesia,Sangihe Is-Indonesia,Karangetang [Api Siau],Stratovolcano,2.0,"2.78, 125.48"
1976,Ecuador,Ecuador,Sangay,Stratovolcano,3.0,"-2.03, -78.33"
1976,Indonesia,Java,Merapi,Stratovolcano,2.0,"-7.542, 110.442"
1975,Indonesia,Sumatra,Marapi,Complex volcano,2.0,"-0.381, 100.473"
1975,United States,Hawaiian Is,Kilauea,Shield volcano,0.0,"19.425, -155.292"
1975,Costa Rica,Costa Rica,Arenal,Stratovolcano,3.0,"10.463, -84.703"
1974,Indonesia,Java,Merapi,Stratovolcano,2.0,"-7.542, 110.442"
1974,Indonesia,Sangihe Is-Indonesia,Karangetang [Api Siau],Stratovolcano,3.0,"2.78, 125.48"
1974,Japan,Kyushu-Japan,Sakura-jima,Stratovolcano,3.0,"31.58, 130.67"
1974,Papua New Guinea,New Guinea-NE of,Ritter Island,Stratovolcano,1.0,"-5.52, 148.121"
1974,Guatemala,Guatemala,Fuego,Stratovolcano,4.0,"14.473, -90.88"
1974,Japan,Honshu-Japan,Niigata-Yake-yama,Lava dome,2.0,"36.92, 138.03"
1974,Japan,Kyushu-Japan,Sakura-jima,Stratovolcano,3.0,"31.58, 130.67"
1973,Indonesia,Lesser Sunda Is,Paluweh,Stratovolcano,3.0,"-8.32, 121.708"
1973,Iceland,Iceland-S,Vestmannaeyjar,Submarine volcano,3.0,"63.43, -20.28"
1973,Indonesia,Lesser Sunda Is,Iliwerung,Complex volcano,2.0,"-8.54, 123.59"
1972,Papua New Guinea,New Guinea-NE of,Ritter Island,Stratovolcano,1.0,"-5.52, 148.121"
1971,Solomon Is.,Santa Cruz Is-SW Pac,Tinakula,Stratovolcano,2.0,"-10.38, 165.8"
1971,Chile,Chile-C,Villarrica,Stratovolcano,2.0,"-39.42, -71.93"
1971,Spain,Canary Is,La Palma,Stratovolcano,2.0,"28.58, -17.83"
1971,Guatemala,Guatemala,Fuego,Stratovolcano,3.0,"14.473, -90.88"
1970,Iceland,Iceland-S,Hekla,Stratovolcano,3.0,"63.98, -19.7"
1969,Indonesia,Java,Merapi,Stratovolcano,2.0,"-7.542, 110.442"
1969,Indonesia,Lesser Sunda Is,Iya,Stratovolcano,3.0,"-8.88, 121.63"
1969,Philippines,Luzon-N of,Didicas,Compound volcano,2.0,"19.077, 122.202"
1968,Costa Rica,Costa Rica,Arenal,Stratovolcano,3.0,"10.463, -84.703"
1968,Philippines,Luzon-Philippines,Mayon,Stratovolcano,3.0,"13.257, 123.685"
1967,Antarctica,Antarctica,Deception Island,Caldera,3.0,"-62.97, -60.65"
1967,Indonesia,Java,Semeru,Stratovolcano,3.0,"-8.108, 112.92"
1966,Indonesia,Java,Kelut,Stratovolcano,4.0,"-7.93, 112.308"
1966,Solomon Is.,Santa Cruz Is-SW Pac,Tinakula,Stratovolcano,3.0,"-10.38, 165.8"
1966,Indonesia,Sangihe Is-Indonesia,Awu,Stratovolcano,4.0,"3.67, 125.5"
1965,Philippines,Luzon-Philippines,Taal,Stratovolcano,4.0,"14.002, 120.993"
1965,Netherlands,W Indies,Kick-'em-Jenny,Submarine volcano,0.0,"12.3, -61.63"
1964,Indonesia,Lesser Sunda Is,Paluweh,Stratovolcano,2.0,"-8.32, 121.708"
1964,Indonesia,Java,Dieng Volc Complex,Complex volcano,1.0,"-7.2, 109.92"
1964,Chile,Chile-C,Villarrica,Stratovolcano,2.0,"-39.42, -71.93"
1963,Costa Rica,Costa Rica,Irazu,Stratovolcano,3.0,"9.979, -83.852"
1963,Costa Rica,Costa Rica,Irazu,Stratovolcano,3.0,"9.979, -83.852"
1963,Chile,Chile-C,Villarrica,Stratovolcano,2.0,"-39.42, -71.93"
1963,Indonesia,Lesser Sunda Is,Agung,Stratovolcano,3.0,"-8.342, 115.508"
1963,Indonesia,Java,Semeru,Stratovolcano,2.0,"-8.108, 112.92"
1963,Indonesia,Lesser Sunda Is,Agung,Stratovolcano,5.0,"-8.342, 115.508"
1963,Indonesia,Lesser Sunda Is,Batur,Caldera,2.0,"-8.242, 115.375"
1963,Guatemala,Guatemala,Fuego,Stratovolcano,3.0,"14.473, -90.88"
1962,Japan,Hokkaido-Japan,Tokachi,Stratovolcano,3.0,"43.42, 142.68"
1962,Indonesia,Halmahera-Indonesia,Gamalama,Stratovolcano,2.0,"0.8, 127.325"
1961,Japan,Honshu-Japan,Asama,Complex volcano,2.0,"36.4, 138.53"
1961,Indonesia,Java,Merapi,Stratovolcano,3.0,"-7.542, 110.442"
1961,Chile,Chile-S,Calbuco,Stratovolcano,3.0,"-41.326, -72.614"
1960,Chile,Chile-C,Puyehue,Stratovolcano,3.0,"-40.59, -72.117"
1958,Indonesia,Sulawesi-Indonesia,Mahawu,Stratovolcano,2.0,"1.358, 124.858"
1958,Vanuatu,Vanuatu-SW Pacific,Kuwae,Caldera,2.0,"-16.829, 168.536"
1957,Japan,Izu Is-Japan,Oshima,Stratovolcano,2.0,"34.73, 139.38"
1957,Japan,Kyushu-Japan,Aso,Caldera,2.0,"32.88, 131.1"
1957,United States,Aleutian Is,Vsevidof,Stratovolcano,2.0,"53.13, -168.68"
1956,Russia,Kamchatka,Bezymianny,Stratovolcano,5.0,"55.978, 160.587"
1955,Chile,Chile-C,Carran-Los Venados,Pyroclastic cone,4.0,"-40.35, -72.07"
1955,Japan,Kyushu-Japan,Sakura-jima,Stratovolcano,3.0,"31.58, 130.67"
1954,Papua New Guinea,New Guinea-NE of,Bam,Stratovolcano,2.0,"-3.6, 144.85"
1953,Japan,Izu Is-Japan,Myojun Knoll,Submarine volcano,2.0,"32.1, 139.85"
1953,Japan,Izu Is-Japan,Oshima,Stratovolcano,1.0,"34.73, 139.38"
1953,Japan,Izu Is-Japan,Myojun Knoll,Submarine volcano,2.0,"32.1, 139.85"
1953,Indonesia,Lesser Sunda Is,Sirung,Complex volcano,0.0,"-8.51, 124.148"
1953,Japan,Kyushu-Japan,Aso,Caldera,2.0,"32.88, 131.1"
1953,Papua New Guinea,Admiralty Is-SW Paci,St. Andrew Strait,Complex volcano,0.0,"-2.38, 147.35"
1953,Indonesia,Java,Merapi,Stratovolcano,3.0,"-7.542, 110.442"
1952,Japan,Izu Is-Japan,Myojun Knoll,Submarine volcano,2.0,"32.1, 139.85"
1952,Japan,Izu Is-Japan,Myojun Knoll,Submarine volcano,2.0,"32.1, 139.85"
1952,Philippines,Luzon-Philippines,Ambalatungan Group,Compound volcano,1.0,"17.32, 121.1"
1952,Japan,Izu Is-Japan,Myojun Knoll,Submarine volcano,2.0,"32.1, 139.85"
1952,Japan,Izu Is-Japan,Myojun Knoll,Submarine volcano,2.0,"32.1, 139.85"
1951,Papua New Guinea,New Guinea,Lamington,Stratovolcano,4.0,"-8.95, 148.15"
1951,Philippines,Mindanao-Philippines,Camiguin,Stratovolcano,3.0,"9.203, 124.673"
1951,Solomon Is.,Solomon Is-SW Pacifi,Kavachi,Submarine volcano,2.0,"-9.02, 157.95"
1951,Indonesia,Java,Kelut,Stratovolcano,3.0,"-7.93, 112.308"
1950,Philippines,Mindanao-Philippines,Camiguin,Stratovolcano,3.0,"9.203, 124.673"
1950,Indonesia,Java,Semeru,Stratovolcano,1.0,"-8.108, 112.92"
1950,Japan,Honshu-Japan,Asama,Complex volcano,2.0,"36.4, 138.53"
1949,Philippines,Mindanao-Philippines,Camiguin,Stratovolcano,3.0,"9.203, 124.673"
1949,Colombia,Colombia,Purace,Stratovolcano,2.0,"2.32, -76.4"
1949,Chile,Chile-C,Villarrica,Stratovolcano,3.0,"-39.42, -71.93"
1948,Indonesia,Lesser Sunda Is,Iliwerung,Complex volcano,2.0,"-8.54, 123.59"
1947,Iceland,Iceland-S,Hekla,Stratovolcano,4.0,"63.98, -19.7"
1947,Philippines,Luzon-Philippines,Mayon,Stratovolcano,2.0,"13.257, 123.685"
1947,Japan,Honshu-Japan,Asama,Complex volcano,2.0,"36.4, 138.53"
1946,Japan,Kyushu-Japan,Sakura-jima,Stratovolcano,2.0,"31.58, 130.67"
1946,Russia,Kuril Is,Sarychev Peak,Stratovolcano,4.0,"48.092, 153.2"
1946,Indonesia,Java,Semeru,Stratovolcano,2.0,"-8.108, 112.92"
1946,Indonesia,Java,Semeru,Stratovolcano,2.0,"-8.108, 112.92"
1944,Japan,Hokkaido-Japan,Usu,Stratovolcano,2.0,"42.53, 140.83"
1944,Italy,Italy,Stromboli,Stratovolcano,2.0,"38.789, 15.213"
1944,Japan,Hokkaido-Japan,Usu,Stratovolcano,2.0,"42.53, 140.83"
1944,Indonesia,Java,Dieng Volc Complex,Complex volcano,2.0,"-7.2, 109.92"
1944,United States,Aleutian Is,Cleveland,Stratovolcano,3.0,"52.82, -169.95"
1944,Italy,Italy,Vesuvius,Complex volcano,2.0,"40.821, 14.426"
1943,Mexico,Mexico,Michoacan-Guanajuato,Cinder cone,4.0,"19.48, -102.25"
1941,Indonesia,Java,Semeru,Stratovolcano,2.0,"-8.108, 112.92"
1941,Japan,Honshu-Japan,Asama,Complex volcano,2.0,"36.4, 138.53"
1940,Indonesia,Sangihe Is-Indonesia,Karangetang [Api Siau],Stratovolcano,2.0,"2.78, 125.48"
1940,Japan,Izu Is-Japan,Miyake-jima,Stratovolcano,2.0,"34.08, 139.53"
1939,Japan,Izu Is-Japan,Tori-shima,Stratovolcano,2.0,"30.48, 140.32"
1939,Indonesia,Java,Dieng Volc Complex,Complex volcano,1.0,"-7.2, 109.92"
1939,Netherlands,W Indies,Kick-'em-Jenny,Submarine volcano,1.0,"12.3, -61.63"
1938,Philippines,Luzon-Philippines,Mayon,Stratovolcano,2.0,"13.257, 123.685"
1938,Japan,Honshu-Japan,Asama,Complex volcano,1.0,"36.4, 138.53"
1937,Chile,Chile-C,Llaima,Stratovolcano,2.0,"-38.692, -71.729"
1937,Papua New Guinea,New Britain-SW Pac,Rabaul,Pyroclastic shield,4.0,"-4.271, 152.203"
1936,Japan,Honshu-Japan,Asama,Complex volcano,3.0,"36.4, 138.53"
1933,Russia,Kuril Is,Kharimkotan,Stratovolcano,3.0,"49.12, 154.508"
1933,Philippines,Luzon-Philippines,Bulusan,Stratovolcano,2.0,"12.77, 124.05"
1933,Japan,Ryukyu Is,Kuchinoerabu-jima,Stratovolcano,4.0,"30.43, 130.22"
1932,Japan,Honshu-Japan,Kusatsu-Shirane,Stratovolcano,3.0,"36.62, 138.55"
1932,Guatemala,Guatemala,Fuego,Stratovolcano,4.0,"14.473, -90.88"
1931,Japan,Honshu-Japan,Asama,Complex volcano,3.0,"36.4, 138.53"
1930,Italy,Italy,Stromboli,Stratovolcano,3.0,"38.789, 15.213"
1930,Japan,Honshu-Japan,Asama,Complex volcano,3.0,"36.4, 138.53"
1930,Indonesia,Java,Merapi,Stratovolcano,3.0,"-7.542, 110.442"
1930,Indonesia,Indonesia,Krakatau,Caldera,2.0,"-6.102, 105.423"
1929,Japan,Hokkaido-Japan,Komaga-take,Stratovolcano,4.0,"42.07, 140.68"
1929,Chile,Chile-S,Calbuco,Stratovolcano,3.0,"-41.326, -72.614"
1929,Guatemala,Guatemala,Santa Maria,Stratovolcano,3.0,"14.756, -91.552"
1929,Italy,Italy,Etna,Stratovolcano,2.0,"37.734, 15.004"
1928,Philippines,Luzon-Philippines,Mayon,Stratovolcano,3.0,"13.257, 123.685"
1928,Greece,Greece,Santorini,Shield volcano,2.0,"36.404, 25.396"
1928,Indonesia,Lesser Sunda Is,Paluweh,Stratovolcano,3.0,"-8.32, 121.708"
1928,Indonesia,Java,Dieng Volc Complex,Complex volcano,2.0,"-7.2, 109.92"
1928,Italy,Italy,Etna,Stratovolcano,1.0,"37.734, 15.004"
1927,Iceland,Iceland-SE,Esjufjoll,Stratovolcano,1.0,"64.27, -16.65"
1926,Japan,Hokkaido-Japan,Tokachi,Stratovolcano,3.0,"43.42, 142.68"
1924,United States,Hawaiian Is,Kilauea,Shield volcano,2.0,"19.425, -155.292"
1923,Japan,Kyushu-Japan,Kirishima,Shield volcano,2.0,"31.93, 130.87"
1923,Indonesia,Java,Papandayan,Stratovolcano,1.0,"-7.32, 107.73"
1920,El Salvador,El Salvador,Izalco,Stratovolcano,3.0,"13.813, -89.633"
1920,Indonesia,Java,Merapi,Stratovolcano,3.0,"-7.542, 110.442"
1919,Mexico,Mexico,Popocatepetl,Stratovolcano,1.0,"19.023, -98.622"
1919,United States,Hawaiian Is,Mauna Loa,Shield volcano,0.0,"19.475, -155.608"
1919,Italy,Italy,Stromboli,Stratovolcano,3.0,"38.789, 15.213"
1919,Indonesia,Java,Kelut,Stratovolcano,4.0,"-7.93, 112.308"
1918,Indonesia,Sangihe Is-Indonesia,Banua Wuhu,Submarine volcano,3.0,"3.138, 125.491"
1918,Iceland,Iceland-S,Katla,Subglacial volcano,4.0,"63.63, -19.05"
1917,New Zealand,New Zealand,Okataina,Lava dome,1.0,"-38.12, 176.5"
1917,El Salvador,El Salvador,San Salvador,Stratovolcano,3.0,"13.736, -89.286"
1917,Chile,Chile-S,Calbuco,Stratovolcano,3.0,"-41.326, -72.614"
1916,Italy,Italy,Stromboli,Stratovolcano,3.0,"38.789, 15.213"
1916,Ecuador,Ecuador,Tungurahua,Stratovolcano,4.0,"-1.467, -78.442"
1914,Papua New Guinea,New Britain-SW Pac,Pago,Caldera,3.0,"-5.58, 150.52"
1914,Japan,Kyushu-Japan,Sakura-jima,Stratovolcano,4.0,"31.58, 130.67"
1913,Mexico,Mexico,Colima,Stratovolcano,4.0,"19.514, -103.62"
1913,Indonesia,Java,Semeru,Stratovolcano,2.0,"-8.108, 112.92"
1913,Vanuatu,Vanuatu-SW Pacific,Ambrym,Pyroclastic shield,3.0,"-16.25, 168.12"
1913,Japan,Honshu-Japan,Asama,Complex volcano,1.0,"36.4, 138.53"
1913,Indonesia,Sangihe Is-Indonesia,Awu,Stratovolcano,2.0,"3.67, 125.5"
1912,United States,Alaska Peninsula,Novarupta,Caldera,6.0,"58.27, -155.16"
1911,Indonesia,Java,Semeru,Stratovolcano,3.0,"-8.108, 112.92"
1911,Japan,Honshu-Japan,Asama,Complex volcano,2.0,"36.4, 138.53"
1911,Japan,Honshu-Japan,Asama,Complex volcano,2.0,"36.4, 138.53"
1911,Philippines,Luzon-Philippines,Taal,Stratovolcano,3.0,"14.002, 120.993"
1910,Japan,Hokkaido-Japan,Usu,Stratovolcano,2.0,"42.53, 140.83"
1909,Indonesia,Java,Semeru,Stratovolcano,2.0,"-8.108, 112.92"
1907,Ethiopia,Africa-NE,Alayta,Shield volcano,2.0,"12.88, 40.57"
1907,Tonga,Tonga-SW Pacific,Unnamed,Submarine volcano,0.0,"-21.38, -175.65"
1907,Indonesia,Lesser Sunda Is,Lewotobi,Stratovolcano,2.0,"-8.53, 122.775"
1906,Italy,Italy,Vesuvius,Complex volcano,3.0,"40.821, 14.426"
1905,Samoa,Samoa-SW Pacific,Savai'i,Shield volcano,2.0,"-13.612, -172.525"
1905,Italy,Italy,Vesuvius,Complex volcano,2.0,"40.821, 14.426"
1904,Comoros,Indian O-W,Karthala,Shield volcano,2.0,"-11.75, 43.38"
1903,New Zealand,New Zealand,Okataina,Lava dome,1.0,"-38.12, 176.5"
1902,St. Vincent & the Grenadines,W Indies,Soufriere St. Vincent,Stratovolcano,4.0,"13.33, -61.18"
1902,Guatemala,Guatemala,Santa Maria,Stratovolcano,6.0,"14.756, -91.552"
1902,Martinique,W Indies,Pelee,Stratovolcano,4.0,"14.82, -61.17"
1902,Martinique,W Indies,Pelee,Stratovolcano,4.0,"14.82, -61.17"
1902,Indonesia,Java,Merapi,Stratovolcano,2.0,"-7.542, 110.442"
1902,Japan,Izu Is-Japan,Tori-shima,Stratovolcano,3.0,"30.48, 140.32"
1901,Indonesia,Java,Kelut,Stratovolcano,3.0,"-7.93, 112.308"
1900,Japan,Honshu-Japan,Asama,Complex volcano,2.0,"36.4, 138.53"
1900,Japan,Honshu-Japan,Adatara,Stratovolcano,2.0,"37.62, 140.28"
1900,Japan,Kyushu-Japan,Kirishima,Shield volcano,2.0,"31.93, 130.87"
1899,Colombia,Colombia,Dona Juana,Stratovolcano,4.0,"1.47, -76.92"
1899,Papua New Guinea,New Guinea-NE of,Manam,Stratovolcano,2.0,"-4.1, 145.061"
1897,Solomon Is.,Santa Cruz Is-SW Pac,Tinakula,Stratovolcano,2.0,"-10.38, 165.8"
1897,Philippines,Luzon-Philippines,Mayon,Stratovolcano,3.0,"13.257, 123.685"
1896,Japan,Kyushu-Japan,Kirishima,Shield volcano,2.0,"31.93, 130.87"
1895,Japan,Kyushu-Japan,Kirishima,Shield volcano,2.0,"31.93, 130.87"
1895,Papua New Guinea,New Britain-SW Pac,Dakataua,Caldera,2.0,"-5.056, 150.108"
1895,Papua New Guinea,New Guinea-NE of,Karkar,Stratovolcano,2.0,"-4.649, 145.964"
1895,Indonesia,Java,Semeru,Stratovolcano,2.0,"-8.108, 112.92"
1894,Vanuatu,Vanuatu-SW Pacific,Ambrym,Pyroclastic shield,3.0,"-16.25, 168.12"
1893,Japan,Honshu-Japan,Azuma,Stratovolcano,2.0,"37.73, 140.25"
1893,Chile,Chile-S,Calbuco,Stratovolcano,4.0,"-41.326, -72.614"
1892,Tonga,Tonga-SW Pacific,Tofua,Caldera,2.0,"-19.75, -175.07"
1892,Indonesia,Sumatra,Sorikmarapi,Stratovolcano,2.0,"0.686, 99.539"
1892,Indonesia,Sangihe Is-Indonesia,Awu,Stratovolcano,3.0,"3.67, 125.5"
1890,Indonesia,Halmahera-Indonesia,Makian,Stratovolcano,2.0,"0.32, 127.4"
1890,Papua New Guinea,New Guinea,Victory,Stratovolcano,2.0,"-9.2, 149.07"
1889,Indonesia,Sangihe Is-Indonesia,Banua Wuhu,Submarine volcano,2.0,"3.138, 125.491"
1888,Papua New Guinea,New Guinea-NE of,Ritter Island,Stratovolcano,3.0,"-5.52, 148.121"
1888,Japan,Honshu-Japan,Bandai,Stratovolcano,4.0,"37.6, 140.08"
1887,Philippines,Luzon-Philippines,Mayon,Stratovolcano,3.0,"13.257, 123.685"
1886,Tonga,Tonga-SW Pacific,Niuafo'ou,Shield volcano,4.0,"-15.6, -175.63"
1886,Ecuador,Ecuador,Tungurahua,Stratovolcano,4.0,"-1.467, -78.442"
1886,New Zealand,New Zealand,Okataina,Lava dome,2.0,"-38.12, 176.5"
1885,Indonesia,Java,Semeru,Stratovolcano,2.0,"-8.108, 112.92"
1885,Colombia,Colombia,Purace,Stratovolcano,3.0,"2.32, -76.4"
1883,Comoros,Indian O-W,Karthala,Shield volcano,2.0,"-11.75, 43.38"
1883,Indonesia,Indonesia,Krakatau,Caldera,6.0,"-6.102, 105.423"
1883,United States,Alaska-SW,Augustine,Lava dome,4.0,"59.37, -153.42"
1883,Papua New Guinea,Bougainville-SW Paci,Bagana,Lava cone,3.0,"-6.14, 155.195"
1879,Italy,Italy,Stromboli,Stratovolcano,2.0,"38.789, 15.213"
1878,United States,Aleutian Is,Okmok,Shield volcano,2.0,"53.42, -168.13"
1878,Papua New Guinea,New Britain-SW Pac,Rabaul,Pyroclastic shield,3.0,"-4.271, 152.203"
1878,Vanuatu,Vanuatu-SW Pacific,Yasur,Stratovolcano,3.0,"-19.52, 169.425"
1877,United States,Hawaiian Is,Mauna Loa,Shield volcano,0.0,"19.475, -155.608"
1877,Ecuador,Ecuador,Cotopaxi,Stratovolcano,4.0,"-0.677, -78.436"
1875,Iceland,Iceland-NE,Askja,Stratovolcano,5.0,"65.03, -16.75"
1875,Indonesia,Java,Kelut,Stratovolcano,0.0,"-7.93, 112.308"
1874,Philippines,Luzon-Philippines,Taal,Stratovolcano,2.0,"14.002, 120.993"
1874,Japan,Izu Is-Japan,Miyake-jima,Stratovolcano,3.0,"34.08, 139.53"
1873,Philippines,Mindanao-Philippines,Ragang,Stratovolcano,2.0,"7.67, 124.5"
1872,Indonesia,Java,Merapi,Stratovolcano,4.0,"-7.542, 110.442"
1872,Italy,Italy,Vesuvius,Complex volcano,3.0,"40.821, 14.426"
1872,Russia,Kuril Is,Sinarka,Stratovolcano,4.0,"48.875, 154.175"
1872,Indonesia,Java,Merapi,Stratovolcano,4.0,"-7.542, 110.442"
1872,Japan,Kyushu-Japan,Aso,Caldera,3.0,"32.88, 131.1"
1872,Indonesia,Java,Merapi,Stratovolcano,4.0,"-7.542, 110.442"
1871,Indonesia,Sangihe Is-Indonesia,Ruang,Stratovolcano,2.0,"2.28, 125.425"
1871,Philippines,Mindanao-Philippines,Camiguin,Stratovolcano,2.0,"9.203, 124.673"
1871,Philippines,Luzon-Philippines,Mayon,Stratovolcano,3.0,"13.257, 123.685"
1871,Indonesia,Halmahera-Indonesia,Gamalama,Stratovolcano,2.0,"0.8, 127.325"
1870,Indonesia,Sangihe Is-Indonesia,Ruang,Stratovolcano,2.0,"2.28, 125.425"
1870,Indonesia,Lesser Sunda Is,Iliwerung,Complex volcano,3.0,"-8.54, 123.59"
1870,Vanuatu,Vanuatu-SW Pacific,Aoba,Shield volcano,2.0,"-15.4, 167.83"
1869,Indonesia,Lesser Sunda Is,Lewotobi,Stratovolcano,2.0,"-8.53, 122.775"
1869,Indonesia,Java,Lamongan,Stratovolcano,2.0,"-8.0, 113.342"
1868,United States,Hawaiian Is,Mauna Loa,Shield volcano,2.0,"19.475, -155.608"
1867,Japan,Honshu-Japan,Zao,Complex volcano,2.0,"38.15, 140.45"
1866,Greece,Greece,Santorini,Shield volcano,2.0,"36.404, 25.396"
1866,United States,Samoa-SW Pacific,Ofu-Olosega,Shield volcano,2.0,"-14.175, -169.618"
1864,Indonesia,Java,Kelut,Stratovolcano,2.0,"-7.93, 112.308"
1861,Iceland,Iceland-NE,Grimsvotn,Caldera,2.0,"64.42, -17.33"
1861,Indonesia,Halmahera-Indonesia,Makian,Stratovolcano,4.0,"0.32, 127.4"
1861,Eritrea,Africa-NE,Dubbi,Stratovolcano,3.0,"13.58, 41.808"
1860,Indonesia,Java,Semeru,Stratovolcano,2.0,"-8.108, 112.92"
1860,Guatemala,Guatemala,Fuego,Stratovolcano,2.0,"14.473, -90.88"
1858,Philippines,Luzon-Philippines,Mayon,Stratovolcano,2.0,"13.257, 123.685"
1856,Indonesia,Sangihe Is-Indonesia,Awu,Stratovolcano,3.0,"3.67, 125.5"
1856,Japan,Hokkaido-Japan,Komaga-take,Stratovolcano,4.0,"42.07, 140.68"
1854,Russia,Kamchatka,Shiveluch,Stratovolcano,5.0,"56.653, 161.36"
1854,Russia,Kuril Is,Alaid,Stratovolcano,3.0,"50.858, 155.55"
1854,Japan,Kyushu-Japan,Aso,Caldera,2.0,"32.88, 131.1"
1853,Philippines,Luzon-Philippines,Mayon,Stratovolcano,3.0,"13.257, 123.685"
1853,Tonga,Tonga-SW Pacific,Niuafo'ou,Shield volcano,0.0,"-15.6, -175.63"
1853,Taiwan,Taiwan-E of,Unnamed,Submarine volcano,2.0,"24.0, 121.83"
1850,Papua New Guinea,New Britain-SW Pac,Rabaul,Pyroclastic shield,2.0,"-4.271, 152.203"
1848,Indonesia,Java,Kelut,Stratovolcano,2.0,"-7.93, 112.308"
1847,Indonesia,Java,Dieng Volc Complex,Complex volcano,2.0,"-7.2, 109.92"
1847,Cape Verde,Cape Verde Is,Fogo,Stratovolcano,2.0,"14.95, -24.35"
1846,Indonesia,Java,Tangkubanparahu,Stratovolcano,2.0,"-6.77, 107.6"
1846,Japan,Hokkaido-Japan,E-san,Stratovolcano,1.0,"41.8, 141.17"
1845,Indonesia,Sulawesi-Indonesia,Soputan,Stratovolcano,2.0,"1.108, 124.725"
1845,Colombia,Colombia,Ruiz,Stratovolcano,3.0,"4.895, -75.322"
1845,Iceland,Iceland-S,Hekla,Stratovolcano,4.0,"63.98, -19.7"
1843,St. Kitts & Nevis,W Indies,Liamuiga,Stratovolcano,0.0,"17.37, -62.8"
1843,Indonesia,Java,Lamongan,Stratovolcano,2.0,"-8.0, 113.342"
1843,Italy,Italy,Etna,Stratovolcano,2.0,"37.734, 15.004"
1841,Japan,Ryukyu Is,Kuchinoerabu-jima,Stratovolcano,2.0,"30.43, 130.22"
1840,Solomon Is.,Santa Cruz Is-SW Pac,Tinakula,Stratovolcano,3.0,"-10.38, 165.8"
1840,Solomon Is.,Solomon Is-SW Pacifi,Savo,Stratovolcano,3.0,"-9.13, 159.82"
1840,United States,Hawaiian Is,Kilauea,Shield volcano,0.0,"19.425, -155.292"
1840,Indonesia,Halmahera-Indonesia,Gamalama,Stratovolcano,2.0,"0.8, 127.325"
1840,Turkey,Turkey,Ararat,Stratovolcano,3.0,"39.7, 44.28"
1839,Chile,Chile-Is,Unnamed,Submarine volcano,2.0,"-33.62, -76.83"
1838,Indonesia,Halmahera-Indonesia,Gamalama,Stratovolcano,2.0,"0.8, 127.325"
1835,Nicaragua,Nicaragua,Cosiguina,Stratovolcano,5.0,"12.98, -87.57"
1833,Indonesia,Sumatra,Kaba,Stratovolcano,2.0,"-3.52, 102.62"
1832,Indonesia,Java,Merapi,Stratovolcano,3.0,"-7.542, 110.442"
1832,Italy,Italy,Etna,Stratovolcano,2.0,"37.734, 15.004"
1829,Indonesia,Java,Guntur,Complex volcano,2.0,"-7.13, 107.83"
1827,Russia,Kamchatka,Avachinsky,Stratovolcano,2.0,"53.255, 158.83"
1827,Russia,Kamchatka,Avachinsky,Stratovolcano,2.0,"53.255, 158.83"
1826,Indonesia,Java,Kelut,Stratovolcano,3.0,"-7.93, 112.308"
1826,Indonesia,Java,Dieng Volc Complex,Complex volcano,2.0,"-7.2, 109.92"
1826,Japan,Kyushu-Japan,Aso,Caldera,2.0,"32.88, 131.1"
1825,United States,Aleutian Is,Shishaldin,Stratovolcano,3.0,"54.75, -163.97"
1823,United States,Hawaiian Is,Kilauea,Shield volcano,0.0,"19.425, -155.292"
1822,Indonesia,Java,Merapi,Stratovolcano,3.0,"-7.542, 110.442"
1822,Japan,Hokkaido-Japan,Usu,Stratovolcano,4.0,"42.53, 140.83"
1822,Indonesia,Java,Galunggung,Stratovolcano,5.0,"-7.25, 108.05"
1820,United States,Aleutian Is,Westdahl,Stratovolcano,2.0,"54.52, -164.65"
1820,Pacific Ocean,Banda Sea,Banda Api,Caldera,2.0,"-4.525, 129.871"
1818,Mexico,Mexico,Colima,Stratovolcano,4.0,"19.514, -103.62"
1817,Indonesia,Java,Ijen,Stratovolcano,2.0,"-8.058, 114.242"
1817,Indonesia,Java,Raung,Stratovolcano,4.0,"-8.125, 114.042"
1816,Japan,Kyushu-Japan,Aso,Caldera,2.0,"32.88, 131.1"
1815,Indonesia,Lesser Sunda Is,Tambora,Stratovolcano,7.0,"-8.25, 118.0"
1814,Philippines,Luzon-Philippines,Mayon,Stratovolcano,4.0,"13.257, 123.685"
1813,Italy,Italy,Vesuvius,Complex volcano,2.0,"40.821, 14.426"
1812,Indonesia,Sangihe Is-Indonesia,Awu,Stratovolcano,3.0,"3.67, 125.5"
1812,St. Vincent & the Grenadines,W Indies,Soufriere St. Vincent,Stratovolcano,4.0,"13.33, -61.18"
1805,Italy,Italy,Vesuvius,Complex volcano,2.0,"40.821, 14.426"
1804,Japan,Hokkaido-Japan,Shikotsu,Caldera,3.0,"42.7, 141.33"
1803,Japan,Honshu-Japan,Asama,Complex volcano,2.0,"36.4, 138.53"
1803,Japan,Honshu-Japan,Asama,Complex volcano,2.0,"36.4, 138.53"
1801,Japan,Honshu-Japan,Chokai,Stratovolcano,2.0,"39.08, 140.03"
1800,United States,US-Washington,St. Helens,Stratovolcano,5.0,"46.2, -122.18"
1800,Philippines,Luzon-Philippines,Mayon,Stratovolcano,2.0,"13.257, 123.685"
1800,United States,Hawaiian Is,Hualalai,Shield volcano,0.0,"19.692, -155.87"
1800,Portugal,Azores,San Jorge,Fissure vent,1.0,"38.65, -28.08"
1800,Tanzania,Africa-E,Kieyo,Stratovolcano,2.0,"-9.23, 33.78"
1794,Italy,Italy,Vesuvius,Complex volcano,3.0,"40.821, 14.426"
1792,Japan,Kyushu-Japan,Unzen,Complex volcano,2.0,"32.75, 130.3"
1790,United States,Hawaiian Is,Kilauea,Shield volcano,4.0,"19.425, -155.292"
1789,Japan,Izu Is-Japan,Oshima,Stratovolcano,2.0,"34.73, 139.38"
1786,Indonesia,Java,Dieng Volc Complex,Complex volcano,2.0,"-7.2, 109.92"
1785,Japan,Izu Is-Japan,Aoga-shima,Stratovolcano,3.0,"32.45, 139.77"
1784,United States,Hawaiian Is,Hualalai,Shield volcano,0.0,"19.692, -155.87"
1784,Iceland,Iceland-NE,Grimsvotn,Caldera,4.0,"64.42, -17.33"
1783,Japan,Honshu-Japan,Asama,Complex volcano,4.0,"36.4, 138.53"
1781,Japan,Kyushu-Japan,Sakura-jima,Stratovolcano,4.0,"31.58, 130.67"
1780,Japan,Kyushu-Japan,Sakura-jima,Stratovolcano,4.0,"31.58, 130.67"
1780,Japan,Izu Is-Japan,Aoga-shima,Stratovolcano,3.0,"32.45, 139.77"
1780,Japan,Kyushu-Japan,Sakura-jima,Stratovolcano,4.0,"31.58, 130.67"
1779,Italy,Italy,Vesuvius,Complex volcano,2.0,"40.821, 14.426"
1779,Japan,Kyushu-Japan,Sakura-jima,Stratovolcano,4.0,"31.58, 130.67"
1778,Russia,Kuril Is,Raikoke,Stratovolcano,4.0,"48.292, 153.25"
1775,Indonesia,Halmahera-Indonesia,Gamalama,Stratovolcano,3.0,"0.8, 127.325"
1775,Indonesia,Sulawesi-Indonesia,Lokon-Empung,Stratovolcano,3.0,"1.358, 124.792"
1773,Indonesia,Halmahera-Indonesia,Gamalama,Stratovolcano,2.0,"0.8, 127.325"
1772,Indonesia,Halmahera-Indonesia,Gamalama,Stratovolcano,3.0,"0.8, 127.325"
1772,Indonesia,Java,Papandayan,Stratovolcano,3.0,"-7.32, 107.73"
1768,Ecuador,Ecuador,Cotopaxi,Stratovolcano,4.0,"-0.677, -78.436"
1766,Philippines,Luzon-Philippines,Mayon,Stratovolcano,3.0,"13.257, 123.685"
1766,Iceland,Iceland-S,Hekla,Stratovolcano,4.0,"63.98, -19.7"
1762,Russia,Kamchatka,Kliuchevskoi,Stratovolcano,2.0,"56.057, 160.638"
1760,Indonesia,Halmahera-Indonesia,Makian,Stratovolcano,4.0,"0.32, 127.4"
1757,Portugal,Azores,San Jorge,Fissure vent,0.0,"38.65, -28.08"
1755,Iceland,Iceland-S,Katla,Subglacial volcano,4.0,"63.63, -19.05"
1754,Philippines,Luzon-Philippines,Taal,Stratovolcano,4.0,"14.002, 120.993"
1753,Iceland,Iceland-NE,Grimsvotn,Caldera,2.0,"64.42, -17.33"
1749,Philippines,Luzon-Philippines,Taal,Stratovolcano,3.0,"14.002, 120.993"
1742,Ecuador,Ecuador,Cotopaxi,Stratovolcano,3.0,"-0.677, -78.436"
1742,Ecuador,Ecuador,Cotopaxi,Stratovolcano,3.0,"-0.677, -78.436"
1741,Japan,Hokkaido-Japan,Oshima-Oshima,Stratovolcano,4.0,"41.5, 139.37"
1737,Italy,Italy,Vesuvius,Complex volcano,2.0,"40.821, 14.426"
1730,Spain,Canary Is,Lanzarote,Fissure vent,2.0,"29.03, -13.63"
1730,Indonesia,Java,Raung,Stratovolcano,3.0,"-8.125, 114.042"
1729,Iceland,Iceland-NE,Bardarbunga,Stratovolcano,1.0,"64.63, -17.53"
1729,Iceland,Iceland-NE,Krafla,Caldera,2.0,"65.73, -16.78"
1727,Iceland,Iceland-SE,Oraefajokull,Stratovolcano,4.0,"64.0, -16.65"
1726,Iceland,Iceland-NE,Bardarbunga,Stratovolcano,1.0,"64.63, -17.53"
1721,Iceland,Iceland-S,Katla,Subglacial volcano,5.0,"63.63, -19.05"
1721,Japan,Honshu-Japan,Asama,Complex volcano,1.0,"36.4, 138.53"
1718,Portugal,Azores,Pico,Stratovolcano,2.0,"38.47, -28.4"
1717,Guatemala,Guatemala,Fuego,Stratovolcano,3.0,"14.473, -90.88"
1717,Japan,Kyushu-Japan,Kirishima,Shield volcano,3.0,"31.93, 130.87"
1717,Iceland,Iceland-NE,Bardarbunga,Stratovolcano,3.0,"64.63, -17.53"
1716,Japan,Kyushu-Japan,Kirishima,Shield volcano,3.0,"31.93, 130.87"
1716,Philippines,Luzon-Philippines,Taal,Stratovolcano,4.0,"14.002, 120.993"
1716,Indonesia,Java,Kelut,Stratovolcano,2.0,"-7.93, 112.308"
1716,Iceland,Iceland-NE,Bardarbunga,Stratovolcano,2.0,"64.63, -17.53"
1712,Iceland,Iceland-NE,Bardarbunga,Stratovolcano,2.0,"64.63, -17.53"
1711,Indonesia,Sangihe Is-Indonesia,Awu,Stratovolcano,3.0,"3.67, 125.5"
1707,Japan,Honshu-Japan,Fuji,Stratovolcano,4.0,"35.35, 138.73"
1706,Spain,Canary Is,Tenerife,Stratovolcano,2.0,"28.271, -16.641"
1698,Italy,Italy,Vesuvius,Complex volcano,3.0,"40.821, 14.426"
1698,Ecuador,Ecuador,Cotopaxi,Stratovolcano,3.0,"-0.677, -78.436"
1698,Indonesia,Java,Cereme,Stratovolcano,3.0,"-6.892, 108.4"
1694,Pacific Ocean,Banda Sea,Banda Api,Caldera,3.0,"-4.525, 129.871"
1693,Iceland,Iceland-S,Hekla,Stratovolcano,4.0,"63.98, -19.7"
1692,Pacific Ocean,Banda Sea,Serua,Stratovolcano,4.0,"-6.3, 130.0"
1690,Indonesia,Java,Guntur,Complex volcano,3.0,"-7.13, 107.83"
1684,Iceland,Iceland-NE,Grimsvotn,Caldera,2.0,"64.42, -17.33"
1682,Italy,Italy,Vesuvius,Complex volcano,3.0,"40.821, 14.426"
1677,Spain,Canary Is,La Palma,Stratovolcano,2.0,"28.58, -17.83"
1673,Indonesia,Halmahera-Indonesia,Gamkonora,Stratovolcano,5.0,"1.375, 127.52"
1672,Indonesia,Java,Merapi,Stratovolcano,3.0,"-7.542, 110.442"
1672,Portugal,Azores,Fayal,Stratovolcano,2.0,"38.6, -28.73"
1670,Vanuatu,Vanuatu-SW Pacific,Aoba,Shield volcano,2.0,"-15.4, 167.83"
1669,Italy,Italy,Etna,Stratovolcano,3.0,"37.734, 15.004"
1669,Italy,Italy,Etna,Stratovolcano,3.0,"37.734, 15.004"
1664,Japan,Kyushu-Japan,Unzen,Complex volcano,2.0,"32.75, 130.3"
1663,Japan,Hokkaido-Japan,Usu,Stratovolcano,5.0,"42.53, 140.83"
1660,Iceland,Iceland-S,Katla,Subglacial volcano,4.0,"63.63, -19.05"
1660,Pacific Ocean,Banda Sea,Teon,Stratovolcano,4.0,"-6.92, 129.125"
1660,Papua New Guinea,New Guinea-NE of,Long Island,Complex volcano,6.0,"-5.358, 147.12"
1659,El Salvador,El Salvador,San Salvador,Stratovolcano,3.0,"13.736, -89.286"
1659,Pacific Ocean,Banda Sea,Teon,Stratovolcano,4.0,"-6.92, 129.125"
1650,Greece,Greece,Santorini,Shield volcano,4.0,"36.404, 25.396"
1646,Indonesia,Halmahera-Indonesia,Makian,Stratovolcano,4.0,"0.32, 127.4"
1640,Japan,Hokkaido-Japan,Komaga-take,Stratovolcano,5.0,"42.07, 140.68"
1640,Ecuador,Ecuador,Tungurahua,Stratovolcano,3.0,"-1.467, -78.442"
1638,Indonesia,Java,Raung,Stratovolcano,4.0,"-8.125, 114.042"
1636,Iceland,Iceland-S,Hekla,Stratovolcano,3.0,"63.98, -19.7"
1631,Italy,Italy,Vesuvius,Complex volcano,5.0,"40.821, 14.426"
1630,Portugal,Azores,Furnas,Stratovolcano,4.0,"37.77, -25.32"
1629,Iceland,Iceland-NE,Grimsvotn,Caldera,2.0,"64.42, -17.33"
1625,Iceland,Iceland-S,Katla,Subglacial volcano,5.0,"63.63, -19.05"
1617,Guatemala,Guatemala,Fuego,Stratovolcano,3.0,"14.473, -90.88"
1615,Pacific Ocean,Banda Sea,Banda Api,Caldera,3.0,"-4.525, 129.871"
1608,Indonesia,Halmahera-Indonesia,Gamalama,Stratovolcano,3.0,"0.8, 127.325"
1606,Japan,Izu Is-Japan,Hachijo-jima,Stratovolcano,2.0,"33.13, 139.77"
1600,Peru,Peru,Huaynaputina,Stratovolcano,6.0,"-16.608, -70.85"
1598,Japan,Honshu-Japan,Asama,Complex volcano,2.0,"36.4, 138.53"
1598,Pacific Ocean,Banda Sea,Banda Api,Caldera,3.0,"-4.525, 129.871"
1597,Iceland,Iceland-S,Hekla,Stratovolcano,4.0,"63.98, -19.7"
1597,Indonesia,Java,Raung,Stratovolcano,3.0,"-8.125, 114.042"
1596,Japan,Honshu-Japan,Asama,Complex volcano,2.0,"36.4, 138.53"
1595,Colombia,Colombia,Ruiz,Stratovolcano,4.0,"4.895, -75.322"
1593,Indonesia,Java,Raung,Stratovolcano,5.0,"-8.125, 114.042"
1590,Mexico,Mexico,Colima,Stratovolcano,3.0,"19.514, -103.62"
1587,Indonesia,Java,Merapi,Stratovolcano,4.0,"-7.542, 110.442"
1586,Indonesia,Java,Kelut,Stratovolcano,5.0,"-7.93, 112.308"
1581,Guatemala,Guatemala,Fuego,Stratovolcano,4.0,"14.473, -90.88"
1580,Portugal,Azores,San Jorge,Fissure vent,3.0,"38.65, -28.08"
1580,Papua New Guinea,Bougainville-SW Paci,Billy Mitchell,Pyroclastic shield,6.0,"-6.092, 155.225"
1580,Iceland,Iceland-S,Katla,Subglacial volcano,4.0,"63.63, -19.05"
1576,Mexico,Mexico,Colima,Stratovolcano,3.0,"19.514, -103.62"
1568,Solomon Is.,Solomon Is-SW Pacifi,Savo,Stratovolcano,3.0,"-9.13, 159.82"
1566,Japan,Kyushu-Japan,Kirishima,Shield volcano,3.0,"31.93, 130.87"
1565,Guatemala,Guatemala,Pacaya,Complex volcano,3.0,"14.381, -90.601"
1564,Indonesia,Halmahera-Indonesia,Gamkonora,Stratovolcano,3.0,"1.375, 127.52"
1550,Indonesia,Halmahera-Indonesia,Dukono,Complex volcano,3.0,"1.68, 127.88"
1540,United States,Alaska-SW,Augustine,Lava dome,4.0,"59.37, -153.42"
1538,Italy,Italy,Campi Flegrei,Caldera,3.0,"40.827, 14.139"
1536,Italy,Italy,Etna,Stratovolcano,3.0,"37.734, 15.004"
1510,Iceland,Iceland-S,Hekla,Stratovolcano,4.0,"63.98, -19.7"
1510,Iceland,Iceland-S,Hekla,Stratovolcano,4.0,"63.98, -19.7"
1500,Iceland,Iceland-S,Katla,Subglacial volcano,4.0,"63.63, -19.05"
1485,Japan,Kyushu-Japan,Aso,Caldera,2.0,"32.88, 131.1"
1477,Iceland,Iceland-NE,Bardarbunga,Stratovolcano,6.0,"64.63, -17.53"
1471,Japan,Kyushu-Japan,Sakura-jima,Stratovolcano,5.0,"31.58, 130.67"
1410,Japan,Honshu-Japan,Nasu,Stratovolcano,3.0,"37.12, 139.97"
1389,Iceland,Iceland-S,Hekla,Stratovolcano,3.0,"63.98, -19.7"
1385,Indonesia,Java,Kelut,Stratovolcano,3.0,"-7.93, 112.308"
1376,Indonesia,Java,Kelut,Stratovolcano,3.0,"-7.93, 112.308"
1362,Iceland,Iceland-SE,Oraefajokull,Stratovolcano,5.0,"64.0, -16.65"
1357,Iceland,Iceland-S,Katla,Subglacial volcano,4.0,"63.63, -19.05"
1341,Iceland,Iceland-S,Hekla,Stratovolcano,3.0,"63.98, -19.7"
1334,Indonesia,Java,Kelut,Stratovolcano,3.0,"-7.93, 112.308"
1331,Japan,Kyushu-Japan,Aso,Caldera,2.0,"32.88, 131.1"
1329,Italy,Italy,Etna,Stratovolcano,1.0,"37.734, 15.004"
1329,Italy,Italy,Etna,Stratovolcano,3.0,"37.734, 15.004"
1311,Indonesia,Java,Kelut,Stratovolcano,3.0,"-7.93, 112.308"
1311,Iceland,Iceland-S,Katla,Subglacial volcano,4.0,"63.63, -19.05"
1300,Iceland,Iceland-S,Hekla,Stratovolcano,4.0,"63.98, -19.7"
1280,Ecuador,Ecuador,Quilotoa,Caldera,6.0,"-0.85, -78.9"
1262,Iceland,Iceland-S,Katla,Subglacial volcano,3.0,"63.63, -19.05"
1206,Iceland,Iceland-S,Hekla,Stratovolcano,2.0,"63.98, -19.7"
1177,Iceland,Iceland-S,Katla,Subglacial volcano,3.0,"63.63, -19.05"
1158,Iceland,Iceland-S,Hekla,Stratovolcano,4.0,"63.98, -19.7"
1151,Iceland,Iceland-SW,Krisuvik,Crater rows,1.0,"63.93, -22.1"
1104,Iceland,Iceland-S,Hekla,Stratovolcano,5.0,"63.98, -19.7"
1000,North Korea,China-E,Changbaishan,Stratovolcano,7.0,"41.98, 128.08"
934,Iceland,Iceland-S,Katla,Subglacial volcano,4.0,"63.63, -19.05"
930,Mexico,Mexico,Ceboruco,Stratovolcano,6.0,"21.125, -104.508"
920,Iceland,Iceland-S,Katla,Subglacial volcano,4.0,"63.63, -19.05"
847,United States,Alaska-E,Bona-Churchill,Stratovolcano,6.0,"61.38, -141.75"
787,Italy,Italy,Vesuvius,Complex volcano,3.0,"40.821, 14.426"
766,Japan,Kyushu-Japan,Sakura-jima,Stratovolcano,3.0,"31.58, 130.67"
764,Japan,Kyushu-Japan,Sakura-jima,Stratovolcano,4.0,"31.58, 130.67"
710,Papua New Guinea,New Britain-SW Pac,Pago,Caldera,6.0,"-5.58, 150.52"
683,Papua New Guinea,New Britain-SW Pac,Rabaul,Pyroclastic shield,6.0,"-4.271, 152.203"
653,Papua New Guinea,New Britain-SW Pac,Dakataua,Caldera,6.0,"-5.056, 150.108"
450,El Salvador,El Salvador,Ilopango,Caldera,6.0,"13.672, -89.053"
240,Russia,Kamchatka,Ksudach,Stratovolcano,6.0,"51.8, 157.53"
230,New Zealand,New Zealand,Taupo,Caldera,6.0,"-38.82, 176.0"
79,Italy,Italy,Vesuvius,Complex volcano,5.0,"40.821, 14.426"
60,United States,Alaska-E,Bona-Churchill,Stratovolcano,6.0,"61.38, -141.75"
50,Vanuatu,Vanuatu-SW Pacific,Ambrym,Pyroclastic shield,6.0,"-16.25, 168.12"
46,Greece,Greece,Santorini,Shield volcano,3.0,"36.404, 25.396"
-50,Nicaragua,Nicaragua,Apoyeque,Pyroclastic shield,6.0,"12.242, -86.342"
-100,United States,Aleutian Is,Okmok,Shield volcano,6.0,"53.42, -168.13"
-197,Greece,Greece,Santorini,Shield volcano,3.0,"36.404, 25.396"
-250,New Zealand,Kermadec Is,Raoul Island,Stratovolcano,6.0,"-29.27, -177.92"
-455,Ecuador,Ecuador,Cotopaxi,Stratovolcano,4.0,"-0.677, -78.436"
-1010,Ecuador,Ecuador,Tungurahua,Stratovolcano,5.0,"-1.467, -78.442"
-1050,Philippines,Luzon-Philippines,Pinatubo,Stratovolcano,6.0,"15.13, 120.35"
-1370,Papua New Guinea,New Britain-SW Pac,Pago,Caldera,6.0,"-5.58, 150.52"
-1460,New Zealand,New Zealand,Taupo,Caldera,6.0,"-38.82, 176.0"
-1610,Greece,Greece,Santorini,Shield volcano,7.0,"36.404, 25.396"
-1645,United States,Alaska Peninsula,Aniakchak,Caldera,6.0,"56.88, -158.17"
-1750,United States,Alaska Peninsula,Veniaminof,Stratovolcano,6.0,"56.17, -159.38"
-1860,United States,US-Washington,St. Helens,Stratovolcano,6.0,"46.2, -122.18"
-1900,United States,Alaska Peninsula,Black Peak,Stratovolcano,6.0,"56.53, -158.8"
-2040,Papua New Guinea,New Guinea-NE of,Long Island,Complex volcano,6.0,"-5.358, 147.12"
-2420,Italy,Italy,Vesuvius,Complex volcano,5.0,"40.821, 14.426"
-3550,Philippines,Luzon-Philippines,Pinatubo,Stratovolcano,6.0,"15.13, 120.35"
-3580,Philippines,Luzon-Philippines,Taal,Stratovolcano,6.0,"14.002, 120.993"
-4000,Papua New Guinea,New Britain-SW Pac,Pago,Caldera,6.0,"-5.58, 150.52"
-4050,Nicaragua,Nicaragua,Masaya,Caldera,6.0,"11.984, -86.161"
-4350,Japan,Ryukyu Is,Kikai,Caldera,7.0,"30.78, 130.28"
-4360,New Zealand,Kermadec Is,Macauley Island,Caldera,6.0,"-30.2, -178.47"
